-- phpMyAdmin SQL Dump
-- version 3.4.10.1deb1
-- http://www.phpmyadmin.net
--
-- Servidor: localhost
-- Tiempo de generaci贸n: 20-07-2013 a las 18:03:10
-- Versi贸n del servidor: 5.5.31
-- Versi贸n de PHP: 5.3.10-1ubuntu3.7

SET SQL_MODE="NO_AUTO_VALUE_ON_ZERO";
SET time_zone = "+00:00";


/*!40101 SET @OLD_CHARACTER_SET_CLIENT=@@CHARACTER_SET_CLIENT */;
/*!40101 SET @OLD_CHARACTER_SET_RESULTS=@@CHARACTER_SET_RESULTS */;
/*!40101 SET @OLD_COLLATION_CONNECTION=@@COLLATION_CONNECTION */;
/*!40101 SET NAMES utf8 */;

--
-- Base de datos: `egresados`
--

-- --------------------------------------------------------

--
-- Estructura de tabla para la tabla `academic_profiles`
--

CREATE TABLE IF NOT EXISTS `academic_profiles` (
  `id` int(11) unsigned NOT NULL AUTO_INCREMENT,
  `basic_profile_id` int(11) unsigned NOT NULL,
  `promotion_id` int(11) unsigned NOT NULL,
  `specialty_id` int(11) unsigned NOT NULL,
  `graduate_id` int(11) unsigned DEFAULT NULL,
  `academic_index` varchar(255) COLLATE utf8mb4_unicode_ci NOT NULL,
  `deleted` int(1) unsigned NOT NULL DEFAULT '0',
  `created` datetime NOT NULL,
  `modified` datetime NOT NULL,
  PRIMARY KEY (`id`)
) ENGINE=InnoDB  DEFAULT CHARSET=utf8mb4 COLLATE=utf8mb4_unicode_ci AUTO_INCREMENT=88 ;

--
-- Volcado de datos para la tabla `academic_profiles`
--

INSERT INTO `academic_profiles` (`id`, `basic_profile_id`, `promotion_id`, `specialty_id`, `graduate_id`, `academic_index`, `deleted`, `created`, `modified`) VALUES
(2, 13, 12, 2, NULL, '10', 0, '2012-05-20 22:49:07', '2012-05-20 22:49:07'),
(3, 13, 12, 8, NULL, '10', 0, '2012-05-20 22:52:52', '2012-05-20 22:52:52'),
(4, 13, 12, 1, NULL, '9', 0, '2012-05-21 11:53:27', '2012-05-21 11:53:27'),
(5, 13, 12, 1, NULL, '10', 0, '2012-05-21 12:27:40', '2012-05-21 12:27:40'),
(6, 9, 12, 1, NULL, '16', 0, '2012-05-21 12:27:55', '2012-05-21 12:27:55'),
(7, 13, 12, 2, NULL, '10', 0, '2012-05-21 19:54:43', '2012-05-21 19:54:43'),
(8, 17, 11, 2, NULL, '10', 0, '2012-05-22 18:33:19', '2012-05-22 18:33:19'),
(9, 22, 12, 5, NULL, '10', 0, '2012-05-22 20:36:11', '2012-05-22 20:36:11'),
(10, 29, 12, 1, NULL, '10', 0, '2012-05-24 08:33:31', '2012-05-24 08:33:31'),
(11, 29, 12, 1, NULL, '10', 0, '2012-05-24 09:47:43', '2012-05-24 09:47:43'),
(12, 26, 12, 1, NULL, '9', 0, '2012-05-24 09:47:58', '2012-05-24 09:47:58'),
(13, 28, 11, 2, NULL, '10', 0, '2012-05-24 09:48:46', '2012-05-24 09:48:46'),
(14, 28, 11, 2, NULL, '1', 0, '2012-05-24 09:48:51', '2012-05-24 09:48:51'),
(15, 22, 11, 2, NULL, '11', 0, '2012-05-24 09:48:59', '2012-05-24 09:48:59'),
(16, 26, 11, 2, NULL, '10', 0, '2012-05-24 09:51:21', '2012-05-24 09:51:21'),
(17, 29, 12, 2, NULL, '10', 0, '2012-05-24 11:04:07', '2012-05-24 11:04:07'),
(18, 29, 12, 2, NULL, '1', 0, '2012-05-24 11:04:12', '2012-05-24 11:04:12'),
(19, 29, 12, 2, NULL, '9', 0, '2012-05-24 11:04:16', '2012-05-24 11:04:16'),
(20, 30, 10, 1, NULL, '10', 1, '2012-05-24 10:06:52', '2012-05-24 14:29:09'),
(21, 30, 12, 1, NULL, '10', 1, '2012-05-24 10:07:08', '2012-05-24 14:30:09'),
(22, 30, 11, 1, NULL, '1', 1, '2012-05-24 10:14:46', '2012-05-24 14:26:12'),
(23, 30, 10, 2, NULL, '9', 1, '2012-05-24 10:14:52', '2012-05-24 13:58:41'),
(24, 24, 10, 2, NULL, '9', 0, '2012-05-24 10:15:21', '2012-05-24 10:15:21'),
(25, 30, 11, 2, NULL, '2.0', 1, '2012-05-24 14:03:24', '2012-05-24 14:25:58'),
(26, 30, 11, 2, NULL, '2.0', 1, '2012-05-24 14:03:34', '2012-05-24 14:07:13'),
(27, 30, 11, 2, NULL, '1', 1, '2012-05-24 14:05:16', '2012-05-24 22:04:07'),
(28, 30, 12, 2, NULL, '1', 1, '2012-05-24 14:07:22', '2012-05-25 23:01:23'),
(29, 30, 11, 2, NULL, '2', 1, '2012-05-24 14:10:31', '2012-05-25 23:01:26'),
(30, 30, 11, 3, NULL, '23', 1, '2012-05-24 14:11:21', '2012-05-24 14:26:01'),
(31, 30, 11, 13, NULL, '3212258', 1, '2012-05-24 14:14:08', '2012-05-24 22:09:04'),
(32, 30, 12, 2, NULL, '222', 1, '2012-05-24 14:15:18', '2012-05-24 14:26:04'),
(33, 29, 12, 4, NULL, '2', 1, '2012-05-24 14:24:19', '2012-05-24 14:24:46'),
(34, 30, 11, 1, NULL, '10', 1, '2012-05-24 14:29:28', '2012-05-24 14:29:34'),
(35, 9, 12, 1, NULL, '10', 1, '2012-05-24 14:29:51', '2012-05-24 14:29:55'),
(36, 8, 11, 9, NULL, '10', 1, '2012-05-24 14:30:37', '2012-05-24 14:30:41'),
(37, 8, 11, 9, NULL, '10', 1, '2012-05-24 14:30:56', '2012-05-24 14:30:59'),
(38, 29, 11, 1, NULL, '10', 0, '2012-05-25 22:54:31', '2012-05-25 22:54:31'),
(39, 29, 11, 16, NULL, '10', 0, '2012-05-25 22:54:38', '2012-05-25 22:54:38'),
(40, 29, 10, 18, NULL, '10', 0, '2012-05-25 22:54:53', '2012-05-25 22:54:53'),
(41, 29, 10, 18, NULL, '10', 0, '2012-05-25 22:55:00', '2012-05-25 22:55:00'),
(42, 30, 12, 2, NULL, '1', 1, '2012-05-25 22:58:11', '2012-05-25 23:01:30'),
(43, 30, 11, 1, NULL, '1', 1, '2012-05-25 22:58:56', '2012-05-25 23:01:32'),
(44, 30, 12, 3, NULL, '1', 1, '2012-05-25 23:00:03', '2012-05-26 23:00:55'),
(45, 30, 11, 2, NULL, '2', 1, '2012-05-25 23:00:51', '2012-05-26 23:01:05'),
(46, 30, 12, 2, NULL, '1', 1, '2012-05-25 23:01:39', '2012-05-26 23:01:00'),
(47, 30, 12, 2, NULL, '1', 0, '2012-05-25 23:01:41', '2012-05-25 23:01:41'),
(48, 30, 11, 6, NULL, '7', 0, '2012-05-25 23:45:34', '2012-05-25 23:45:34'),
(49, 36, 11, 6, NULL, '7', 0, '2012-05-25 23:45:41', '2012-05-25 23:45:41'),
(50, 36, 11, 6, NULL, '7', 0, '2012-05-25 23:45:45', '2012-05-25 23:45:45'),
(51, 36, 11, 1, NULL, '1', 0, '2012-05-25 23:47:53', '2012-05-25 23:47:53'),
(52, 0, 0, 0, NULL, '', 1, '2012-05-25 23:59:53', '2012-05-25 23:59:53'),
(53, 0, 0, 0, NULL, '', 1, '2012-05-26 00:00:01', '2012-05-26 00:00:01'),
(54, 40, 11, 2, NULL, '1', 1, '2012-05-26 00:37:59', '2012-05-26 00:38:09'),
(55, 37, 11, 3, NULL, '10', 1, '2012-05-26 00:43:37', '2012-05-26 00:54:28'),
(56, 37, 11, 3, NULL, '10', 1, '2012-05-26 00:43:52', '2012-05-26 00:47:08'),
(57, 37, 11, 2, NULL, '1', 1, '2012-05-26 00:44:23', '2012-05-26 00:47:07'),
(58, 37, 11, 3, NULL, '1', 1, '2012-05-26 00:46:01', '2012-05-26 00:47:05'),
(59, 37, 12, 5, NULL, '1', 1, '2012-05-26 00:47:14', '2012-05-26 00:54:32'),
(60, 37, 12, 5, NULL, '132', 1, '2012-05-26 00:47:26', '2012-05-26 00:54:35'),
(61, 37, 12, 2, NULL, '1', 1, '2012-05-26 00:49:12', '2012-05-26 00:54:38'),
(62, 37, 11, 3, NULL, '1', 1, '2012-05-26 00:52:58', '2012-05-26 00:54:40'),
(63, 37, 11, 3, NULL, '1', 1, '2012-05-26 00:53:15', '2012-05-26 00:54:42'),
(64, 37, 11, 3, NULL, '5', 1, '2012-05-26 00:53:20', '2012-05-26 00:54:44'),
(65, 37, 12, 1, NULL, '2', 1, '2012-05-26 00:53:29', '2012-05-26 00:54:47'),
(66, 37, 12, 1, NULL, '1', 1, '2012-05-26 00:54:16', '2012-05-26 00:54:49'),
(67, 37, 12, 1, NULL, '11', 0, '2012-05-26 00:54:23', '2012-05-26 00:54:23'),
(68, 37, 12, 2, NULL, '1', 0, '2012-05-26 00:55:53', '2012-05-26 00:55:53'),
(69, 37, 12, 1, NULL, '1', 0, '2012-05-26 00:56:10', '2012-05-26 00:56:10'),
(70, 43, 12, 1, NULL, '1', 0, '2012-05-26 01:01:59', '2012-05-26 01:01:59'),
(71, 42, 12, 1, NULL, '1', 0, '2012-05-26 01:02:05', '2012-05-26 01:02:05'),
(72, 41, 12, 1, NULL, '1', 0, '2012-05-26 01:02:09', '2012-05-26 01:02:09'),
(73, 21, 12, 2, NULL, '10', 0, '2012-05-27 20:31:01', '2012-05-27 20:31:01'),
(74, 20, 12, 5, NULL, '10', 0, '2012-05-27 20:31:08', '2012-05-28 09:53:42'),
(75, 19, 11, 2, NULL, '10', 1, '2012-05-27 22:00:03', '2012-05-29 21:16:18'),
(76, 18, 12, 1, NULL, '10', 1, '2012-05-27 22:00:33', '2012-05-29 21:16:21'),
(77, 20, 10, 3, NULL, '10', 1, '2012-05-28 09:53:59', '2012-05-28 09:57:16'),
(78, 47, 12, 4, 14, '10', 1, '2012-05-29 13:30:05', '2012-05-29 21:02:14'),
(79, 47, 12, 4, 14, '10', 1, '2012-05-29 13:30:07', '2012-05-29 13:30:33'),
(80, 47, 10, 1, 13, '10', 1, '2012-05-29 20:12:24', '2012-05-29 20:58:01'),
(81, 47, 12, 2, 12, '3213', 1, '2012-05-29 20:53:27', '2012-05-29 21:02:16'),
(82, 47, 12, 1, 13, '10', 1, '2012-05-29 20:58:12', '2012-05-29 21:02:42'),
(83, 47, 10, 1, 14, '10', 0, '2012-05-29 21:02:24', '2012-05-29 22:03:26'),
(84, 47, 11, 3, 13, '10', 0, '2012-05-29 21:02:49', '2012-05-29 22:01:35'),
(85, 47, 12, 2, 14, '1', 1, '2012-05-29 21:13:51', '2012-05-29 21:33:10'),
(86, 47, 11, 4, 13, '10', 0, '2013-02-08 20:10:58', '2013-02-08 20:10:58'),
(87, 47, 11, 3, 15, '10', 0, '2013-05-07 23:27:22', '2013-05-07 23:27:22');

-- --------------------------------------------------------

--
-- Estructura de tabla para la tabla `basic_profiles`
--

CREATE TABLE IF NOT EXISTS `basic_profiles` (
  `id` int(11) unsigned NOT NULL AUTO_INCREMENT,
  `document` varchar(255) COLLATE utf8mb4_unicode_ci NOT NULL,
  `first_name` varchar(255) COLLATE utf8mb4_unicode_ci NOT NULL,
  `second_name` varchar(255) COLLATE utf8mb4_unicode_ci DEFAULT NULL,
  `first_last_name` varchar(255) COLLATE utf8mb4_unicode_ci NOT NULL,
  `second_last_name` varchar(255) COLLATE utf8mb4_unicode_ci DEFAULT NULL,
  `deleted` int(1) unsigned NOT NULL DEFAULT '0',
  `created` datetime NOT NULL,
  `modified` datetime NOT NULL,
  PRIMARY KEY (`id`)
) ENGINE=InnoDB  DEFAULT CHARSET=utf8mb4 COLLATE=utf8mb4_unicode_ci AUTO_INCREMENT=48 ;

--
-- Volcado de datos para la tabla `basic_profiles`
--

INSERT INTO `basic_profiles` (`id`, `document`, `first_name`, `second_name`, `first_last_name`, `second_last_name`, `deleted`, `created`, `modified`) VALUES
(1, '112555225', '1', '1', '1', '1', 1, '2012-05-18 12:28:20', '2012-05-19 13:18:36'),
(2, '2', '1', '11', '1', '1', 1, '2012-05-18 12:28:59', '2012-05-18 12:20:23'),
(4, '321', '21', '31', '32', '132', 1, '2012-05-18 09:28:45', '2012-05-21 12:18:24'),
(5, '1336366', '321', '231', '321321', '321', 1, '2012-05-18 09:29:05', '2012-05-18 09:29:26'),
(6, '6', '546', '546', '54', '654', 1, '2012-05-18 09:30:33', '2012-05-21 12:14:50'),
(7, '13213', '13', '213', '213', '213', 1, '2012-05-18 09:42:47', '2012-05-21 12:14:45'),
(8, '7', 'romel', 'gomez', '11141', '123213213', 1, '2012-05-18 09:46:05', '2012-05-27 20:36:02'),
(9, '132151111', '321', 'as', '321', '32', 1, '2012-05-18 12:18:36', '2012-05-27 20:18:18'),
(10, '32151', '321', '321', '321', '231', 1, '2012-05-18 12:19:19', '2012-05-19 21:23:05'),
(11, '32', '13', '213', '213', '213', 1, '2012-05-18 12:20:37', '2012-05-19 13:19:43'),
(12, '3215', '111', '01', 'rom', 'rom', 1, '2012-05-19 12:58:52', '2012-05-19 13:19:18'),
(13, '333333', 'as', 'as', 'as', 'as', 1, '2012-05-19 21:24:00', '2012-05-26 23:01:27'),
(14, '132', '132', '132', '13', '213', 1, '2012-05-21 12:18:32', '2012-05-21 12:20:28'),
(15, '5', '132', '132', '321321', '1232', 0, '2012-05-21 12:20:40', '2012-05-27 20:32:57'),
(16, '3215111515155', '51', '51', '351', '3', 1, '2012-05-21 12:26:15', '2012-05-21 12:26:28'),
(17, '3333333', '321', '55532', '132', '13', 1, '2012-05-22 18:25:08', '2012-05-27 20:18:16'),
(18, '4', '21', '21', '213', '321', 0, '2012-05-22 19:06:56', '2012-05-27 20:32:52'),
(19, '3', '321321', '1', '651', '613', 0, '2012-05-22 19:36:27', '2012-05-27 20:32:46'),
(20, '1', '7', '321', '321', '3213', 1, '2012-05-22 19:40:53', '2012-05-29 21:16:15'),
(21, '23', '15321', '322121', '13256565', '13', 1, '2012-05-22 19:41:24', '2012-05-27 20:34:42'),
(22, '64321651', '213', '21', '321', '32', 1, '2012-05-22 19:41:48', '2012-05-27 20:18:13'),
(23, '55565', '121', '16', '5', '1', 1, '2012-05-22 20:37:15', '2012-05-22 20:37:24'),
(24, '2222', '32', '21', '13', '321', 1, '2012-05-22 21:06:42', '2012-05-26 23:01:20'),
(25, '3215651651', '13', '213', '13', '21', 1, '2012-05-22 21:13:51', '2012-05-22 21:13:57'),
(26, '9999999', '321', '513131', '31', '313', 1, '2012-05-22 22:32:31', '2012-05-26 23:01:18'),
(27, '99484654684361', '1213', '21', '213', '231', 1, '2012-05-23 05:36:47', '2012-05-23 05:37:00'),
(28, '45245', '1414', '14', '14', '14', 1, '2012-05-23 12:33:13', '2012-05-26 23:01:15'),
(29, '3966', '1651', '651', '651', '61', 1, '2012-05-23 13:11:45', '2012-05-26 23:01:13'),
(30, '777', '321', '321', '321', '321', 1, '2012-05-24 08:33:06', '2012-05-27 20:18:11'),
(31, '', '', NULL, '', NULL, 1, '2012-05-24 22:09:03', '2012-05-24 22:09:03'),
(32, '', '', NULL, '', NULL, 1, '2012-05-25 23:01:22', '2012-05-25 23:01:22'),
(33, '', '', NULL, '', NULL, 1, '2012-05-25 23:01:24', '2012-05-25 23:01:24'),
(34, '', '', NULL, '', NULL, 1, '2012-05-25 23:01:29', '2012-05-25 23:01:29'),
(35, '', '', NULL, '', NULL, 1, '2012-05-25 23:01:31', '2012-05-25 23:01:31'),
(36, '32132', '13', '321', '21', '32', 1, '2012-05-25 23:14:21', '2012-05-26 22:58:35'),
(37, '888888', '1', '32', '132', '1', 1, '2012-05-25 23:49:07', '2012-05-26 22:58:32'),
(38, '6121516', '16', '51', '651', '651', 1, '2012-05-25 23:53:14', '2012-05-26 00:00:00'),
(39, '3213213', '13', '213', '1', '32', 1, '2012-05-25 23:54:03', '2012-05-25 23:59:52'),
(40, '9', '32132', '321', '321', '3321321', 1, '2012-05-25 23:59:37', '2012-05-26 00:38:21'),
(41, '565132151', '321', '321', '321312', '21', 1, '2012-05-26 00:58:20', '2012-05-26 22:58:25'),
(42, '2321', '132', '1', '13', '21', 1, '2012-05-26 00:58:31', '2012-05-26 22:58:16'),
(43, '32132321', '321', '32', '13', '211', 1, '2012-05-26 00:58:52', '2012-05-26 22:58:20'),
(44, '', '', NULL, '', NULL, 1, '2012-05-27 20:18:04', '2012-05-27 20:18:04'),
(45, '', '', NULL, '', NULL, 1, '2012-05-27 20:18:08', '2012-05-27 20:18:08'),
(46, '996', '321', '321', '321', '3', 0, '2012-05-27 22:08:42', '2012-05-27 22:08:42'),
(47, '999', '6', '66', '6', '6', 0, '2012-05-27 22:16:32', '2012-05-27 22:16:32');

-- --------------------------------------------------------

--
-- Estructura de tabla para la tabla `graduates`
--

CREATE TABLE IF NOT EXISTS `graduates` (
  `id` int(11) unsigned NOT NULL AUTO_INCREMENT,
  `graduate_type_id` int(11) unsigned NOT NULL,
  `name` varchar(255) COLLATE utf8mb4_unicode_ci NOT NULL,
  `deleted` int(1) unsigned NOT NULL DEFAULT '0',
  `created` datetime NOT NULL,
  `modified` datetime NOT NULL,
  PRIMARY KEY (`id`)
) ENGINE=InnoDB  DEFAULT CHARSET=utf8mb4 COLLATE=utf8mb4_unicode_ci AUTO_INCREMENT=16 ;

--
-- Volcado de datos para la tabla `graduates`
--

INSERT INTO `graduates` (`id`, `graduate_type_id`, `name`, `deleted`, `created`, `modified`) VALUES
(1, 2, 'en bmx', 1, '2012-05-29 11:34:04', '2012-05-29 12:58:23'),
(2, 3, 'en bmx', 1, '2012-05-29 11:57:02', '2012-05-29 12:58:21'),
(3, 4, 'bmx', 1, '2012-05-29 11:59:37', '2012-05-29 12:58:18'),
(4, 1, 'bmx', 1, '2012-05-29 12:09:57', '2012-05-29 12:58:16'),
(5, 3, '1', 1, '2012-05-29 12:10:12', '2012-05-29 12:58:14'),
(6, 1, '23', 1, '2012-05-29 12:11:02', '2012-05-29 12:58:12'),
(7, 3, '3', 1, '2012-05-29 12:11:37', '2012-05-29 12:58:09'),
(8, 2, '9', 1, '2012-05-29 12:11:54', '2012-05-29 12:58:07'),
(9, 2, '8', 1, '2012-05-29 12:12:19', '2012-05-29 12:58:05'),
(10, 4, '10', 1, '2012-05-29 12:12:50', '2012-05-29 12:58:03'),
(11, 2, '1', 1, '2012-05-29 12:12:58', '2012-05-29 12:57:59'),
(12, 4, 'bmx 1', 0, '2012-05-29 12:58:29', '2012-05-29 12:59:47'),
(13, 4, 'php', 0, '2012-05-29 13:00:05', '2012-05-29 13:00:05'),
(14, 4, 'cakephp', 0, '2012-05-29 13:00:39', '2012-05-29 13:00:39'),
(15, 1, 'matematica', 0, '2013-02-08 20:11:53', '2013-02-08 20:11:53');

-- --------------------------------------------------------

--
-- Estructura de tabla para la tabla `graduate_types`
--

CREATE TABLE IF NOT EXISTS `graduate_types` (
  `id` int(11) unsigned NOT NULL AUTO_INCREMENT,
  `name` varchar(255) COLLATE utf8mb4_unicode_ci NOT NULL,
  PRIMARY KEY (`id`)
) ENGINE=InnoDB  DEFAULT CHARSET=utf8mb4 COLLATE=utf8mb4_unicode_ci AUTO_INCREMENT=5 ;

--
-- Volcado de datos para la tabla `graduate_types`
--

INSERT INTO `graduate_types` (`id`, `name`) VALUES
(1, 'Pregrado'),
(2, 'Posgrado-Especializaci贸n'),
(3, 'Posgrado-Maestria'),
(4, 'Posgrado-Doctorado');

-- --------------------------------------------------------

--
-- Estructura de tabla para la tabla `promotions`
--

CREATE TABLE IF NOT EXISTS `promotions` (
  `id` int(11) unsigned NOT NULL AUTO_INCREMENT,
  `name` varchar(255) COLLATE utf8mb4_unicode_ci NOT NULL,
  `date` date NOT NULL,
  `deleted` int(1) unsigned NOT NULL DEFAULT '0',
  `created` datetime NOT NULL,
  `modified` datetime NOT NULL,
  PRIMARY KEY (`id`)
) ENGINE=InnoDB  DEFAULT CHARSET=utf8mb4 COLLATE=utf8mb4_unicode_ci AUTO_INCREMENT=15 ;

--
-- Volcado de datos para la tabla `promotions`
--

INSERT INTO `promotions` (`id`, `name`, `date`, `deleted`, `created`, `modified`) VALUES
(1, 'francisco de miranda', '2011-11-11', 1, '2012-05-17 10:58:58', '2012-05-17 11:01:20'),
(2, 'asas', '0000-00-00', 1, '2012-05-17 11:01:31', '2012-05-17 11:47:56'),
(3, '321321', '2000-03-21', 1, '2012-05-17 11:02:57', '2012-05-17 11:47:57'),
(4, 'asqwqw', '0000-00-00', 1, '2012-05-17 11:03:42', '2012-05-17 11:47:54'),
(5, '222222', '0000-00-00', 1, '2012-05-17 11:05:34', '2012-05-17 11:05:50'),
(6, 'qwqw', '0000-00-00', 1, '2012-05-17 11:05:59', '2012-05-17 11:48:00'),
(7, 'a', '0000-00-00', 1, '2012-05-17 11:06:06', '2012-05-17 11:47:52'),
(8, 'francisco de miranda', '2012-10-31', 1, '2012-05-17 11:48:22', '2012-05-27 20:20:55'),
(9, 'bmxjj', '2012-01-01', 1, '2012-05-17 11:48:42', '2012-05-27 20:20:51'),
(10, 'che guevara 1', '2012-12-01', 0, '2012-05-17 22:42:10', '2012-05-27 20:30:33'),
(11, 'simon rodriguez 2', '2012-12-02', 0, '2012-05-18 09:45:26', '2012-05-27 20:24:34'),
(12, 'simon bolivar 2', '2012-00-00', 0, '2012-05-19 13:00:33', '2012-05-29 11:17:05'),
(13, 'hola', '0000-00-00', 1, '2012-05-26 20:21:24', '2012-05-26 21:03:37'),
(14, '', '0000-00-00', 1, '2012-05-27 20:20:48', '2012-05-27 20:20:48');

-- --------------------------------------------------------

--
-- Estructura de tabla para la tabla `specialties`
--

CREATE TABLE IF NOT EXISTS `specialties` (
  `id` int(11) unsigned NOT NULL AUTO_INCREMENT,
  `name` varchar(255) NOT NULL,
  PRIMARY KEY (`id`)
) ENGINE=InnoDB  DEFAULT CHARSET=utf8 AUTO_INCREMENT=19 ;

--
-- Volcado de datos para la tabla `specialties`
--

INSERT INTO `specialties` (`id`, `name`) VALUES
(1, 'EDUCACION MUSICAL'),
(2, 'LENGUA Y LITERATURA'),
(3, 'MATEMATICA'),
(4, 'QUIMICA'),
(5, 'FISICA'),
(6, 'INGLES'),
(7, 'EDUCACION FISICA'),
(8, 'GEOGRAFIA E HISTORIA'),
(9, 'EDUCACION PREESCOLAR'),
(10, 'EDUCACION ESPECIAL EN DIFICULTADES DE APRENDIZAJE'),
(11, 'EDUCACION INTEGRAL'),
(12, 'BIOLOGIA'),
(13, 'EDUCACION COMERCIAL'),
(14, 'AGROPECUARIA'),
(15, 'INFORMATICA'),
(16, 'EDUCACION RURAL'),
(17, 'PEDAGOGIA SOCIAL'),
(18, 'CIENCIAS DE LA TIERRA');

-- --------------------------------------------------------

--
-- Estructura de tabla para la tabla `users`
--

CREATE TABLE IF NOT EXISTS `users` (
  `id` int(10) unsigned NOT NULL AUTO_INCREMENT,
  `email` varchar(255) COLLATE utf8mb4_unicode_ci NOT NULL,
  `password` varchar(255) COLLATE utf8mb4_unicode_ci NOT NULL,
  PRIMARY KEY (`id`)
) ENGINE=InnoDB  DEFAULT CHARSET=utf8mb4 COLLATE=utf8mb4_unicode_ci AUTO_INCREMENT=2 ;

--
-- Volcado de datos para la tabla `users`
--

INSERT INTO `users` (`id`, `email`, `password`) VALUES
(1, 'romel2@gmail.com', '194609f99d55e441d7e0ad65c0a39c54bdfa1697');

/*!40101 SET CHARACTER_SET_CLIENT=@OLD_CHARACTER_SET_CLIENT */;
/*!40101 SET CHARACTER_SET_RESULTS=@OLD_CHARACTER_SET_RESULTS */;
/*!40101 SET COLLATION_CONNECTION=@OLD_COLLATION_CONNECTION */;
